name,description,price,sale_price,quantity,category,sku,images,sizes,colors,is_featured,is_active,sale_active,sale_start_date,sale_end_date,slug,collection
Midnight Ritual Slit Dress,"Midnight Ritual Slit Dress from the Shiv Shakti final product edit. A premium boutique apparel style presented with clean studio imagery for wholesale buyers, balancing ritual-inspired detailing, easy resort styling, and statement layering. Includes 17 product views for front, side, back, and detail review before enquiry confirmation.",1899,0,120,shakti,SS-FINAL-001,"[""/final-products/go01/go01-01.webp"", ""/final-products/go01/go01-02.webp"", ""/final-products/go01/go01-03.webp"", ""/final-products/go01/go01-04.webp"", ""/final-products/go01/go01-05.webp"", ""/final-products/go01/go01-06.webp"", ""/final-products/go01/go01-07.webp"", ""/final-products/go01/go01-08.webp"", ""/final-products/go01/go01-09.webp"", ""/final-products/go01/go01-10.webp"", ""/final-products/go01/go01-11.webp"", ""/final-products/go01/go01-12.webp"", ""/final-products/go01/go01-13.webp"", ""/final-products/go01/go01-14.webp"", ""/final-products/go01/go01-15.webp"", ""/final-products/go01/go01-16.webp"", ""/final-products/go01/go01-17.webp""]","[""XS"", ""S"", ""M"", ""L"", ""XL"", ""Custom""]","[""Void Black"", ""Ivory"", ""Natural"", ""Mixed""]",True,True,False,,,shiv-shakti-final-style-01,Final Products
Ivory Nomad Fringe Vest,"Ivory Nomad Fringe Vest from the Shiv Shakti final product edit. A premium boutique apparel style presented with clean studio imagery for wholesale buyers, balancing ritual-inspired detailing, easy resort styling, and statement layering. Includes 7 product views for front, side, back, and detail review before enquiry confirmation.",1299,0,120,shakti,SS-FINAL-002,"[""/final-products/go02/go02-01.webp"", ""/final-products/go02/go02-02.webp"", ""/final-products/go02/go02-03.webp"", ""/final-products/go02/go02-04.webp"", ""/final-products/go02/go02-05.webp"", ""/final-products/go02/go02-06.webp"", ""/final-products/go02/go02-07.webp""]","[""XS"", ""S"", ""M"", ""L"", ""XL"", ""Custom""]","[""Void Black"", ""Ivory"", ""Natural"", ""Mixed""]",True,True,False,,,shiv-shakti-final-style-02,Final Products
Obsidian Temple Mini Set,"Obsidian Temple Mini Set from the Shiv Shakti final product edit. A premium boutique apparel style presented with clean studio imagery for wholesale buyers, balancing ritual-inspired detailing, easy resort styling, and statement layering. Includes 8 product views for front, side, back, and detail review before enquiry confirmation.",1599,0,120,shakti,SS-FINAL-003,"[""/final-products/go03/go03-01.webp"", ""/final-products/go03/go03-02.webp"", ""/final-products/go03/go03-03.webp"", ""/final-products/go03/go03-04.webp"", ""/final-products/go03/go03-05.webp"", ""/final-products/go03/go03-06.webp"", ""/final-products/go03/go03-07.webp"", ""/final-products/go03/go03-08.webp""]","[""XS"", ""S"", ""M"", ""L"", ""XL"", ""Custom""]","[""Void Black"", ""Ivory"", ""Natural"", ""Mixed""]",True,True,False,,,shiv-shakti-final-style-03,Final Products
Handloom Mesh Overlay Dress,"Handloom Mesh Overlay Dress from the Shiv Shakti final product edit. A premium boutique apparel style presented with clean studio imagery for wholesale buyers, balancing ritual-inspired detailing, easy resort styling, and statement layering. Includes 8 product views for front, side, back, and detail review before enquiry confirmation.",1799,0,120,shakti,SS-FINAL-004,"[""/final-products/go04/go04-01.webp"", ""/final-products/go04/go04-02.webp"", ""/final-products/go04/go04-03.webp"", ""/final-products/go04/go04-04.webp"", ""/final-products/go04/go04-05.webp"", ""/final-products/go04/go04-06.webp"", ""/final-products/go04/go04-07.webp"", ""/final-products/go04/go04-08.webp""]","[""XS"", ""S"", ""M"", ""L"", ""XL"", ""Custom""]","[""Void Black"", ""Ivory"", ""Natural"", ""Mixed""]",True,True,False,,,shiv-shakti-final-style-04,Final Products
Void Black Studio Wrap,"Void Black Studio Wrap from the Shiv Shakti final product edit. A premium boutique apparel style presented with clean studio imagery for wholesale buyers, balancing ritual-inspired detailing, easy resort styling, and statement layering. Includes 7 product views for front, side, back, and detail review before enquiry confirmation.",1499,0,120,shakti,SS-FINAL-005,"[""/final-products/go05/go05-01.webp"", ""/final-products/go05/go05-02.webp"", ""/final-products/go05/go05-03.webp"", ""/final-products/go05/go05-04.webp"", ""/final-products/go05/go05-05.webp"", ""/final-products/go05/go05-06.webp"", ""/final-products/go05/go05-07.webp""]","[""XS"", ""S"", ""M"", ""L"", ""XL"", ""Custom""]","[""Void Black"", ""Ivory"", ""Natural"", ""Mixed""]",True,True,False,,,shiv-shakti-final-style-05,Final Products
Bohemian Layered Vest,"Bohemian Layered Vest from the Shiv Shakti final product edit. A premium boutique apparel style presented with clean studio imagery for wholesale buyers, balancing ritual-inspired detailing, easy resort styling, and statement layering. Includes 5 product views for front, side, back, and detail review before enquiry confirmation.",1399,0,120,shakti,SS-FINAL-006,"[""/final-products/go06/go06-01.webp"", ""/final-products/go06/go06-02.webp"", ""/final-products/go06/go06-03.webp"", ""/final-products/go06/go06-04.webp"", ""/final-products/go06/go06-05.webp""]","[""XS"", ""S"", ""M"", ""L"", ""XL"", ""Custom""]","[""Void Black"", ""Ivory"", ""Natural"", ""Mixed""]",True,True,False,,,shiv-shakti-final-style-06,Final Products
Ritual Panelled Long Dress,"Ritual Panelled Long Dress from the Shiv Shakti final product edit. A premium boutique apparel style presented with clean studio imagery for wholesale buyers, balancing ritual-inspired detailing, easy resort styling, and statement layering. Includes 6 product views for front, side, back, and detail review before enquiry confirmation.",1999,0,120,shakti,SS-FINAL-007,"[""/final-products/go07/go07-01.webp"", ""/final-products/go07/go07-02.webp"", ""/final-products/go07/go07-03.webp"", ""/final-products/go07/go07-04.webp"", ""/final-products/go07/go07-05.webp"", ""/final-products/go07/go07-06.webp""]","[""XS"", ""S"", ""M"", ""L"", ""XL"", ""Custom""]","[""Void Black"", ""Ivory"", ""Natural"", ""Mixed""]",True,True,False,,,shiv-shakti-final-style-07,Final Products
Ivory Texture Crop Overlay,"Ivory Texture Crop Overlay from the Shiv Shakti final product edit. A premium boutique apparel style presented with clean studio imagery for wholesale buyers, balancing ritual-inspired detailing, easy resort styling, and statement layering. Includes 6 product views for front, side, back, and detail review before enquiry confirmation.",1199,0,120,shakti,SS-FINAL-008,"[""/final-products/go08/go08-01.webp"", ""/final-products/go08/go08-02.webp"", ""/final-products/go08/go08-03.webp"", ""/final-products/go08/go08-04.webp"", ""/final-products/go08/go08-05.webp"", ""/final-products/go08/go08-06.webp""]","[""XS"", ""S"", ""M"", ""L"", ""XL"", ""Custom""]","[""Void Black"", ""Ivory"", ""Natural"", ""Mixed""]",True,True,False,,,shiv-shakti-final-style-08,Final Products
Shadow Line Festival Dress,"Shadow Line Festival Dress from the Shiv Shakti final product edit. A premium boutique apparel style presented with clean studio imagery for wholesale buyers, balancing ritual-inspired detailing, easy resort styling, and statement layering. Includes 8 product views for front, side, back, and detail review before enquiry confirmation.",1699,0,120,shakti,SS-FINAL-009,"[""/final-products/go09/go09-01.webp"", ""/final-products/go09/go09-02.webp"", ""/final-products/go09/go09-03.webp"", ""/final-products/go09/go09-04.webp"", ""/final-products/go09/go09-05.webp"", ""/final-products/go09/go09-06.webp"", ""/final-products/go09/go09-07.webp"", ""/final-products/go09/go09-08.webp""]","[""XS"", ""S"", ""M"", ""L"", ""XL"", ""Custom""]","[""Void Black"", ""Ivory"", ""Natural"", ""Mixed""]",False,True,False,,,shiv-shakti-final-style-09,Final Products
Nomad Side-Slit Tunic,"Nomad Side-Slit Tunic from the Shiv Shakti final product edit. A premium boutique apparel style presented with clean studio imagery for wholesale buyers, balancing ritual-inspired detailing, easy resort styling, and statement layering. Includes 7 product views for front, side, back, and detail review before enquiry confirmation.",1599,0,120,shakti,SS-FINAL-010,"[""/final-products/go10/go10-01.webp"", ""/final-products/go10/go10-02.webp"", ""/final-products/go10/go10-03.webp"", ""/final-products/go10/go10-04.webp"", ""/final-products/go10/go10-05.webp"", ""/final-products/go10/go10-06.webp"", ""/final-products/go10/go10-07.webp""]","[""XS"", ""S"", ""M"", ""L"", ""XL"", ""Custom""]","[""Void Black"", ""Ivory"", ""Natural"", ""Mixed""]",False,True,False,,,shiv-shakti-final-style-10,Final Products
Temple Fringe Short Dress,"Temple Fringe Short Dress from the Shiv Shakti final product edit. A premium boutique apparel style presented with clean studio imagery for wholesale buyers, balancing ritual-inspired detailing, easy resort styling, and statement layering. Includes 4 product views for front, side, back, and detail review before enquiry confirmation.",1299,0,120,shakti,SS-FINAL-011,"[""/final-products/go11/go11-01.webp"", ""/final-products/go11/go11-02.webp"", ""/final-products/go11/go11-03.webp"", ""/final-products/go11/go11-04.webp""]","[""XS"", ""S"", ""M"", ""L"", ""XL"", ""Custom""]","[""Void Black"", ""Ivory"", ""Natural"", ""Mixed""]",False,True,False,,,shiv-shakti-final-style-11,Final Products
Desert Mesh Layered Vest,"Desert Mesh Layered Vest from the Shiv Shakti final product edit. A premium boutique apparel style presented with clean studio imagery for wholesale buyers, balancing ritual-inspired detailing, easy resort styling, and statement layering. Includes 6 product views for front, side, back, and detail review before enquiry confirmation.",1399,0,120,shakti,SS-FINAL-012,"[""/final-products/go12/go12-01.webp"", ""/final-products/go12/go12-02.webp"", ""/final-products/go12/go12-03.webp"", ""/final-products/go12/go12-04.webp"", ""/final-products/go12/go12-05.webp"", ""/final-products/go12/go12-06.webp""]","[""XS"", ""S"", ""M"", ""L"", ""XL"", ""Custom""]","[""Void Black"", ""Ivory"", ""Natural"", ""Mixed""]",False,True,False,,,shiv-shakti-final-style-12,Final Products
Obsidian Cutwork Kaftan,"Obsidian Cutwork Kaftan from the Shiv Shakti final product edit. A premium boutique apparel style presented with clean studio imagery for wholesale buyers, balancing ritual-inspired detailing, easy resort styling, and statement layering. Includes 7 product views for front, side, back, and detail review before enquiry confirmation.",2199,0,120,shakti,SS-FINAL-013,"[""/final-products/go13/go13-01.webp"", ""/final-products/go13/go13-02.webp"", ""/final-products/go13/go13-03.webp"", ""/final-products/go13/go13-04.webp"", ""/final-products/go13/go13-05.webp"", ""/final-products/go13/go13-06.webp"", ""/final-products/go13/go13-07.webp""]","[""XS"", ""S"", ""M"", ""L"", ""XL"", ""Custom""]","[""Void Black"", ""Ivory"", ""Natural"", ""Mixed""]",False,True,False,,,shiv-shakti-final-style-13,Final Products
Ivory Artisan Open Vest,"Ivory Artisan Open Vest from the Shiv Shakti final product edit. A premium boutique apparel style presented with clean studio imagery for wholesale buyers, balancing ritual-inspired detailing, easy resort styling, and statement layering. Includes 8 product views for front, side, back, and detail review before enquiry confirmation.",1499,0,120,shakti,SS-FINAL-014,"[""/final-products/go14/go14-01.webp"", ""/final-products/go14/go14-02.webp"", ""/final-products/go14/go14-03.webp"", ""/final-products/go14/go14-04.webp"", ""/final-products/go14/go14-05.webp"", ""/final-products/go14/go14-06.webp"", ""/final-products/go14/go14-07.webp"", ""/final-products/go14/go14-08.webp""]","[""XS"", ""S"", ""M"", ""L"", ""XL"", ""Custom""]","[""Void Black"", ""Ivory"", ""Natural"", ""Mixed""]",False,True,False,,,shiv-shakti-final-style-14,Final Products
Black Heritage Panel Dress,"Black Heritage Panel Dress from the Shiv Shakti final product edit. A premium boutique apparel style presented with clean studio imagery for wholesale buyers, balancing ritual-inspired detailing, easy resort styling, and statement layering. Includes 6 product views for front, side, back, and detail review before enquiry confirmation.",1899,0,120,shakti,SS-FINAL-015,"[""/final-products/go15/go15-01.webp"", ""/final-products/go15/go15-02.webp"", ""/final-products/go15/go15-03.webp"", ""/final-products/go15/go15-04.webp"", ""/final-products/go15/go15-05.webp"", ""/final-products/go15/go15-06.webp""]","[""XS"", ""S"", ""M"", ""L"", ""XL"", ""Custom""]","[""Void Black"", ""Ivory"", ""Natural"", ""Mixed""]",False,True,False,,,shiv-shakti-final-style-15,Final Products
Shakti Mesh Statement Top,"Shakti Mesh Statement Top from the Shiv Shakti final product edit. A premium boutique apparel style presented with clean studio imagery for wholesale buyers, balancing ritual-inspired detailing, easy resort styling, and statement layering. Includes 4 product views for front, side, back, and detail review before enquiry confirmation.",1099,0,120,shakti,SS-FINAL-016,"[""/final-products/go16/go16-01.webp"", ""/final-products/go16/go16-02.webp"", ""/final-products/go16/go16-03.webp"", ""/final-products/go16/go16-04.webp""]","[""XS"", ""S"", ""M"", ""L"", ""XL"", ""Custom""]","[""Void Black"", ""Ivory"", ""Natural"", ""Mixed""]",False,True,False,,,shiv-shakti-final-style-16,Final Products
Ritual Fringe Layer Dress,"Ritual Fringe Layer Dress from the Shiv Shakti final product edit. A premium boutique apparel style presented with clean studio imagery for wholesale buyers, balancing ritual-inspired detailing, easy resort styling, and statement layering. Includes 5 product views for front, side, back, and detail review before enquiry confirmation.",1799,0,120,shakti,SS-FINAL-017,"[""/final-products/go17/go17-01.webp"", ""/final-products/go17/go17-02.webp"", ""/final-products/go17/go17-03.webp"", ""/final-products/go17/go17-04.webp"", ""/final-products/go17/go17-05.webp""]","[""XS"", ""S"", ""M"", ""L"", ""XL"", ""Custom""]","[""Void Black"", ""Ivory"", ""Natural"", ""Mixed""]",False,True,False,,,shiv-shakti-final-style-17,Final Products
Nomad Studio Mini Dress,"Nomad Studio Mini Dress from the Shiv Shakti final product edit. A premium boutique apparel style presented with clean studio imagery for wholesale buyers, balancing ritual-inspired detailing, easy resort styling, and statement layering. Includes 5 product views for front, side, back, and detail review before enquiry confirmation.",1399,0,120,shakti,SS-FINAL-018,"[""/final-products/go18/go18-01.webp"", ""/final-products/go18/go18-02.webp"", ""/final-products/go18/go18-03.webp"", ""/final-products/go18/go18-04.webp"", ""/final-products/go18/go18-05.webp""]","[""XS"", ""S"", ""M"", ""L"", ""XL"", ""Custom""]","[""Void Black"", ""Ivory"", ""Natural"", ""Mixed""]",False,True,False,,,shiv-shakti-final-style-18,Final Products
Ivory Handwoven Overlay,"Ivory Handwoven Overlay from the Shiv Shakti final product edit. A premium boutique apparel style presented with clean studio imagery for wholesale buyers, balancing ritual-inspired detailing, easy resort styling, and statement layering. Includes 11 product views for front, side, back, and detail review before enquiry confirmation.",1499,0,120,shakti,SS-FINAL-019,"[""/final-products/go19/go19-01.webp"", ""/final-products/go19/go19-02.webp"", ""/final-products/go19/go19-03.webp"", ""/final-products/go19/go19-04.webp"", ""/final-products/go19/go19-05.webp"", ""/final-products/go19/go19-06.webp"", ""/final-products/go19/go19-07.webp"", ""/final-products/go19/go19-08.webp"", ""/final-products/go19/go19-09.webp"", ""/final-products/go19/go19-10.webp"", ""/final-products/go19/go19-11.webp""]","[""XS"", ""S"", ""M"", ""L"", ""XL"", ""Custom""]","[""Void Black"", ""Ivory"", ""Natural"", ""Mixed""]",False,True,False,,,shiv-shakti-final-style-19,Final Products
Shadow Drape Resort Dress,"Shadow Drape Resort Dress from the Shiv Shakti final product edit. A premium boutique apparel style presented with clean studio imagery for wholesale buyers, balancing ritual-inspired detailing, easy resort styling, and statement layering. Includes 6 product views for front, side, back, and detail review before enquiry confirmation.",1999,0,120,shakti,SS-FINAL-020,"[""/final-products/go20/go20-01.webp"", ""/final-products/go20/go20-02.webp"", ""/final-products/go20/go20-03.webp"", ""/final-products/go20/go20-04.webp"", ""/final-products/go20/go20-05.webp"", ""/final-products/go20/go20-06.webp""]","[""XS"", ""S"", ""M"", ""L"", ""XL"", ""Custom""]","[""Void Black"", ""Ivory"", ""Natural"", ""Mixed""]",False,True,False,,,shiv-shakti-final-style-20,Final Products
Black Cutout Festival Set,"Black Cutout Festival Set from the Shiv Shakti final product edit. A premium boutique apparel style presented with clean studio imagery for wholesale buyers, balancing ritual-inspired detailing, easy resort styling, and statement layering. Includes 5 product views for front, side, back, and detail review before enquiry confirmation.",1699,0,120,shakti,SS-FINAL-021,"[""/final-products/go21/go21-01.webp"", ""/final-products/go21/go21-02.webp"", ""/final-products/go21/go21-03.webp"", ""/final-products/go21/go21-04.webp"", ""/final-products/go21/go21-05.webp""]","[""XS"", ""S"", ""M"", ""L"", ""XL"", ""Custom""]","[""Void Black"", ""Ivory"", ""Natural"", ""Mixed""]",False,True,False,,,shiv-shakti-final-style-21,Final Products
Artisan Layered Kaftan,"Artisan Layered Kaftan from the Shiv Shakti final product edit. A premium boutique apparel style presented with clean studio imagery for wholesale buyers, balancing ritual-inspired detailing, easy resort styling, and statement layering. Includes 11 product views for front, side, back, and detail review before enquiry confirmation.",2099,0,120,shakti,SS-FINAL-022,"[""/final-products/go22/go22-01.webp"", ""/final-products/go22/go22-02.webp"", ""/final-products/go22/go22-03.webp"", ""/final-products/go22/go22-04.webp"", ""/final-products/go22/go22-05.webp"", ""/final-products/go22/go22-06.webp"", ""/final-products/go22/go22-07.webp"", ""/final-products/go22/go22-08.webp"", ""/final-products/go22/go22-09.webp"", ""/final-products/go22/go22-10.webp"", ""/final-products/go22/go22-11.webp""]","[""XS"", ""S"", ""M"", ""L"", ""XL"", ""Custom""]","[""Void Black"", ""Ivory"", ""Natural"", ""Mixed""]",False,True,False,,,shiv-shakti-final-style-22,Final Products
Ivory Raw-Edge Vest,"Ivory Raw-Edge Vest from the Shiv Shakti final product edit. A premium boutique apparel style presented with clean studio imagery for wholesale buyers, balancing ritual-inspired detailing, easy resort styling, and statement layering. Includes 6 product views for front, side, back, and detail review before enquiry confirmation.",1299,0,120,shakti,SS-FINAL-023,"[""/final-products/go23/go23-01.webp"", ""/final-products/go23/go23-02.webp"", ""/final-products/go23/go23-03.webp"", ""/final-products/go23/go23-04.webp"", ""/final-products/go23/go23-05.webp"", ""/final-products/go23/go23-06.webp""]","[""XS"", ""S"", ""M"", ""L"", ""XL"", ""Custom""]","[""Void Black"", ""Ivory"", ""Natural"", ""Mixed""]",False,True,False,,,shiv-shakti-final-style-23,Final Products
Obsidian Backless Dress,"Obsidian Backless Dress from the Shiv Shakti final product edit. A premium boutique apparel style presented with clean studio imagery for wholesale buyers, balancing ritual-inspired detailing, easy resort styling, and statement layering. Includes 6 product views for front, side, back, and detail review before enquiry confirmation.",2299,0,120,shakti,SS-FINAL-024,"[""/final-products/go24/go24-01.webp"", ""/final-products/go24/go24-02.webp"", ""/final-products/go24/go24-03.webp"", ""/final-products/go24/go24-04.webp"", ""/final-products/go24/go24-05.webp"", ""/final-products/go24/go24-06.webp""]","[""XS"", ""S"", ""M"", ""L"", ""XL"", ""Custom""]","[""Void Black"", ""Ivory"", ""Natural"", ""Mixed""]",False,True,False,,,shiv-shakti-final-style-24,Final Products
Temple Texture Statement Piece,"Temple Texture Statement Piece from the Shiv Shakti final product edit. A premium boutique apparel style presented with clean studio imagery for wholesale buyers, balancing ritual-inspired detailing, easy resort styling, and statement layering. Includes 10 product views for front, side, back, and detail review before enquiry confirmation.",1899,0,120,shakti,SS-FINAL-025,"[""/final-products/go25/go25-01.webp"", ""/final-products/go25/go25-02.webp"", ""/final-products/go25/go25-03.webp"", ""/final-products/go25/go25-04.webp"", ""/final-products/go25/go25-05.webp"", ""/final-products/go25/go25-06.webp"", ""/final-products/go25/go25-07.webp"", ""/final-products/go25/go25-08.webp"", ""/final-products/go25/go25-09.webp"", ""/final-products/go25/go25-10.webp""]","[""XS"", ""S"", ""M"", ""L"", ""XL"", ""Custom""]","[""Void Black"", ""Ivory"", ""Natural"", ""Mixed""]",False,True,False,,,shiv-shakti-final-style-25,Final Products
Nomad Cotton Mesh Layer,"Nomad Cotton Mesh Layer from the Shiv Shakti final product edit. A premium boutique apparel style presented with clean studio imagery for wholesale buyers, balancing ritual-inspired detailing, easy resort styling, and statement layering. Includes 6 product views for front, side, back, and detail review before enquiry confirmation.",1199,0,120,shakti,SS-FINAL-026,"[""/final-products/go26/go26-01.webp"", ""/final-products/go26/go26-02.webp"", ""/final-products/go26/go26-03.webp"", ""/final-products/go26/go26-04.webp"", ""/final-products/go26/go26-05.webp"", ""/final-products/go26/go26-06.webp""]","[""XS"", ""S"", ""M"", ""L"", ""XL"", ""Custom""]","[""Void Black"", ""Ivory"", ""Natural"", ""Mixed""]",False,True,False,,,shiv-shakti-final-style-26,Final Products
Ritual Openwork Dress,"Ritual Openwork Dress from the Shiv Shakti final product edit. A premium boutique apparel style presented with clean studio imagery for wholesale buyers, balancing ritual-inspired detailing, easy resort styling, and statement layering. Includes 5 product views for front, side, back, and detail review before enquiry confirmation.",1999,0,120,shakti,SS-FINAL-027,"[""/final-products/go27/go27-01.webp"", ""/final-products/go27/go27-02.webp"", ""/final-products/go27/go27-03.webp"", ""/final-products/go27/go27-04.webp"", ""/final-products/go27/go27-05.webp""]","[""XS"", ""S"", ""M"", ""L"", ""XL"", ""Custom""]","[""Void Black"", ""Ivory"", ""Natural"", ""Mixed""]",False,True,False,,,shiv-shakti-final-style-27,Final Products
Black Studio Longline Vest,"Black Studio Longline Vest from the Shiv Shakti final product edit. A premium boutique apparel style presented with clean studio imagery for wholesale buyers, balancing ritual-inspired detailing, easy resort styling, and statement layering. Includes 3 product views for front, side, back, and detail review before enquiry confirmation.",1499,0,120,shakti,SS-FINAL-028,"[""/final-products/go28/go28-01.webp"", ""/final-products/go28/go28-02.webp"", ""/final-products/go28/go28-03.webp""]","[""XS"", ""S"", ""M"", ""L"", ""XL"", ""Custom""]","[""Void Black"", ""Ivory"", ""Natural"", ""Mixed""]",False,True,False,,,shiv-shakti-final-style-28,Final Products
Ivory Resort Layered Top,"Ivory Resort Layered Top from the Shiv Shakti final product edit. A premium boutique apparel style presented with clean studio imagery for wholesale buyers, balancing ritual-inspired detailing, easy resort styling, and statement layering. Includes 6 product views for front, side, back, and detail review before enquiry confirmation.",1299,0,120,shakti,SS-FINAL-029,"[""/final-products/go29/go29-01.webp"", ""/final-products/go29/go29-02.webp"", ""/final-products/go29/go29-03.webp"", ""/final-products/go29/go29-04.webp"", ""/final-products/go29/go29-05.webp"", ""/final-products/go29/go29-06.webp""]","[""XS"", ""S"", ""M"", ""L"", ""XL"", ""Custom""]","[""Void Black"", ""Ivory"", ""Natural"", ""Mixed""]",False,True,False,,,shiv-shakti-final-style-29,Final Products
Shadow Fringe Mini Dress,"Shadow Fringe Mini Dress from the Shiv Shakti final product edit. A premium boutique apparel style presented with clean studio imagery for wholesale buyers, balancing ritual-inspired detailing, easy resort styling, and statement layering. Includes 5 product views for front, side, back, and detail review before enquiry confirmation.",1399,0,120,shakti,SS-FINAL-030,"[""/final-products/go30/go30-01.webp"", ""/final-products/go30/go30-02.webp"", ""/final-products/go30/go30-03.webp"", ""/final-products/go30/go30-04.webp"", ""/final-products/go30/go30-05.webp""]","[""XS"", ""S"", ""M"", ""L"", ""XL"", ""Custom""]","[""Void Black"", ""Ivory"", ""Natural"", ""Mixed""]",False,True,False,,,shiv-shakti-final-style-30,Final Products
Shakti Slit Panel Dress,"Shakti Slit Panel Dress from the Shiv Shakti final product edit. A premium boutique apparel style presented with clean studio imagery for wholesale buyers, balancing ritual-inspired detailing, easy resort styling, and statement layering. Includes 5 product views for front, side, back, and detail review before enquiry confirmation.",2199,0,120,shakti,SS-FINAL-031,"[""/final-products/go31/go31-01.webp"", ""/final-products/go31/go31-02.webp"", ""/final-products/go31/go31-03.webp"", ""/final-products/go31/go31-04.webp"", ""/final-products/go31/go31-05.webp""]","[""XS"", ""S"", ""M"", ""L"", ""XL"", ""Custom""]","[""Void Black"", ""Ivory"", ""Natural"", ""Mixed""]",False,True,False,,,shiv-shakti-final-style-31,Final Products
Artisan Festival Overlay,"Artisan Festival Overlay from the Shiv Shakti final product edit. A premium boutique apparel style presented with clean studio imagery for wholesale buyers, balancing ritual-inspired detailing, easy resort styling, and statement layering. Includes 4 product views for front, side, back, and detail review before enquiry confirmation.",1599,0,120,shakti,SS-FINAL-032,"[""/final-products/go32/go32-01.webp"", ""/final-products/go32/go32-02.webp"", ""/final-products/go32/go32-03.webp"", ""/final-products/go32/go32-04.webp""]","[""XS"", ""S"", ""M"", ""L"", ""XL"", ""Custom""]","[""Void Black"", ""Ivory"", ""Natural"", ""Mixed""]",False,True,False,,,shiv-shakti-final-style-32,Final Products
Void Black Drape Tunic,"Void Black Drape Tunic from the Shiv Shakti final product edit. A premium boutique apparel style presented with clean studio imagery for wholesale buyers, balancing ritual-inspired detailing, easy resort styling, and statement layering. Includes 8 product views for front, side, back, and detail review before enquiry confirmation.",1699,0,120,shakti,SS-FINAL-033,"[""/final-products/go33/go33-01.webp"", ""/final-products/go33/go33-02.webp"", ""/final-products/go33/go33-03.webp"", ""/final-products/go33/go33-04.webp"", ""/final-products/go33/go33-05.webp"", ""/final-products/go33/go33-06.webp"", ""/final-products/go33/go33-07.webp"", ""/final-products/go33/go33-08.webp""]","[""XS"", ""S"", ""M"", ""L"", ""XL"", ""Custom""]","[""Void Black"", ""Ivory"", ""Natural"", ""Mixed""]",False,True,False,,,shiv-shakti-final-style-33,Final Products
Temple Weave Sleeveless Vest,"Temple Weave Sleeveless Vest from the Shiv Shakti final product edit. A premium boutique apparel style presented with clean studio imagery for wholesale buyers, balancing ritual-inspired detailing, easy resort styling, and statement layering. Includes 4 product views for front, side, back, and detail review before enquiry confirmation.",1499,0,120,shakti,SS-FINAL-034,"[""/final-products/go34/go34-01.webp"", ""/final-products/go34/go34-02.webp"", ""/final-products/go34/go34-03.webp"", ""/final-products/go34/go34-04.webp""]","[""XS"", ""S"", ""M"", ""L"", ""XL"", ""Custom""]","[""Void Black"", ""Ivory"", ""Natural"", ""Mixed""]",False,True,False,,,shiv-shakti-final-style-34,Final Products
Nomad Raw Hem Dress,"Nomad Raw Hem Dress from the Shiv Shakti final product edit. A premium boutique apparel style presented with clean studio imagery for wholesale buyers, balancing ritual-inspired detailing, easy resort styling, and statement layering. Includes 4 product views for front, side, back, and detail review before enquiry confirmation.",1799,0,120,shakti,SS-FINAL-035,"[""/final-products/go35/go35-01.webp"", ""/final-products/go35/go35-02.webp"", ""/final-products/go35/go35-03.webp"", ""/final-products/go35/go35-04.webp""]","[""XS"", ""S"", ""M"", ""L"", ""XL"", ""Custom""]","[""Void Black"", ""Ivory"", ""Natural"", ""Mixed""]",False,True,False,,,shiv-shakti-final-style-35,Final Products
Ivory Spirit Layer Set,"Ivory Spirit Layer Set from the Shiv Shakti final product edit. A premium boutique apparel style presented with clean studio imagery for wholesale buyers, balancing ritual-inspired detailing, easy resort styling, and statement layering. Includes 3 product views for front, side, back, and detail review before enquiry confirmation.",1399,0,120,shakti,SS-FINAL-036,"[""/final-products/go36/go36-01.webp"", ""/final-products/go36/go36-02.webp"", ""/final-products/go36/go36-03.webp""]","[""XS"", ""S"", ""M"", ""L"", ""XL"", ""Custom""]","[""Void Black"", ""Ivory"", ""Natural"", ""Mixed""]",False,True,False,,,shiv-shakti-final-style-36,Final Products
Obsidian Ceremony Dress,"Obsidian Ceremony Dress from the Shiv Shakti final product edit. A premium boutique apparel style presented with clean studio imagery for wholesale buyers, balancing ritual-inspired detailing, easy resort styling, and statement layering. Includes 4 product views for front, side, back, and detail review before enquiry confirmation.",2299,0,120,shakti,SS-FINAL-037,"[""/final-products/go37/go37-01.webp"", ""/final-products/go37/go37-02.webp"", ""/final-products/go37/go37-03.webp"", ""/final-products/go37/go37-04.webp""]","[""XS"", ""S"", ""M"", ""L"", ""XL"", ""Custom""]","[""Void Black"", ""Ivory"", ""Natural"", ""Mixed""]",False,True,False,,,shiv-shakti-final-style-37,Final Products
Handloom Festival Vest,"Handloom Festival Vest from the Shiv Shakti final product edit. A premium boutique apparel style presented with clean studio imagery for wholesale buyers, balancing ritual-inspired detailing, easy resort styling, and statement layering. Includes 4 product views for front, side, back, and detail review before enquiry confirmation.",1299,0,120,shakti,SS-FINAL-038,"[""/final-products/go38/go38-01.webp"", ""/final-products/go38/go38-02.webp"", ""/final-products/go38/go38-03.webp"", ""/final-products/go38/go38-04.webp""]","[""XS"", ""S"", ""M"", ""L"", ""XL"", ""Custom""]","[""Void Black"", ""Ivory"", ""Natural"", ""Mixed""]",False,True,False,,,shiv-shakti-final-style-38,Final Products
Black Mesh Resort Piece,"Black Mesh Resort Piece from the Shiv Shakti final product edit. A premium boutique apparel style presented with clean studio imagery for wholesale buyers, balancing ritual-inspired detailing, easy resort styling, and statement layering. Includes 3 product views for front, side, back, and detail review before enquiry confirmation.",1499,0,120,shakti,SS-FINAL-039,"[""/final-products/go39/go39-01.webp"", ""/final-products/go39/go39-02.webp"", ""/final-products/go39/go39-03.webp""]","[""XS"", ""S"", ""M"", ""L"", ""XL"", ""Custom""]","[""Void Black"", ""Ivory"", ""Natural"", ""Mixed""]",False,True,False,,,shiv-shakti-final-style-39,Final Products
Ritual Side Panel Dress,"Ritual Side Panel Dress from the Shiv Shakti final product edit. A premium boutique apparel style presented with clean studio imagery for wholesale buyers, balancing ritual-inspired detailing, easy resort styling, and statement layering. Includes 4 product views for front, side, back, and detail review before enquiry confirmation.",1999,0,120,shakti,SS-FINAL-040,"[""/final-products/go40/go40-01.webp"", ""/final-products/go40/go40-02.webp"", ""/final-products/go40/go40-03.webp"", ""/final-products/go40/go40-04.webp""]","[""XS"", ""S"", ""M"", ""L"", ""XL"", ""Custom""]","[""Void Black"", ""Ivory"", ""Natural"", ""Mixed""]",False,True,False,,,shiv-shakti-final-style-40,Final Products
Ivory Frayed Texture Top,"Ivory Frayed Texture Top from the Shiv Shakti final product edit. A premium boutique apparel style presented with clean studio imagery for wholesale buyers, balancing ritual-inspired detailing, easy resort styling, and statement layering. Includes 4 product views for front, side, back, and detail review before enquiry confirmation.",1199,0,120,shakti,SS-FINAL-041,"[""/final-products/go41/go41-01.webp"", ""/final-products/go41/go41-02.webp"", ""/final-products/go41/go41-03.webp"", ""/final-products/go41/go41-04.webp""]","[""XS"", ""S"", ""M"", ""L"", ""XL"", ""Custom""]","[""Void Black"", ""Ivory"", ""Natural"", ""Mixed""]",False,True,False,,,shiv-shakti-final-style-41,Final Products
Shadow Studio Kaftan,"Shadow Studio Kaftan from the Shiv Shakti final product edit. A premium boutique apparel style presented with clean studio imagery for wholesale buyers, balancing ritual-inspired detailing, easy resort styling, and statement layering. Includes 5 product views for front, side, back, and detail review before enquiry confirmation.",1899,0,120,shakti,SS-FINAL-042,"[""/final-products/go42/go42-01.webp"", ""/final-products/go42/go42-02.webp"", ""/final-products/go42/go42-03.webp"", ""/final-products/go42/go42-04.webp"", ""/final-products/go42/go42-05.webp""]","[""XS"", ""S"", ""M"", ""L"", ""XL"", ""Custom""]","[""Void Black"", ""Ivory"", ""Natural"", ""Mixed""]",False,True,False,,,shiv-shakti-final-style-42,Final Products
Nomad Open Front Layer,"Nomad Open Front Layer from the Shiv Shakti final product edit. A premium boutique apparel style presented with clean studio imagery for wholesale buyers, balancing ritual-inspired detailing, easy resort styling, and statement layering. Includes 5 product views for front, side, back, and detail review before enquiry confirmation.",1599,0,120,shakti,SS-FINAL-043,"[""/final-products/go43/go43-01.webp"", ""/final-products/go43/go43-02.webp"", ""/final-products/go43/go43-03.webp"", ""/final-products/go43/go43-04.webp"", ""/final-products/go43/go43-05.webp""]","[""XS"", ""S"", ""M"", ""L"", ""XL"", ""Custom""]","[""Void Black"", ""Ivory"", ""Natural"", ""Mixed""]",False,True,False,,,shiv-shakti-final-style-43,Final Products
Temple Cutwork Dress,"Temple Cutwork Dress from the Shiv Shakti final product edit. A premium boutique apparel style presented with clean studio imagery for wholesale buyers, balancing ritual-inspired detailing, easy resort styling, and statement layering. Includes 8 product views for front, side, back, and detail review before enquiry confirmation.",2099,0,120,shakti,SS-FINAL-044,"[""/final-products/go44/go44-01.webp"", ""/final-products/go44/go44-02.webp"", ""/final-products/go44/go44-03.webp"", ""/final-products/go44/go44-04.webp"", ""/final-products/go44/go44-05.webp"", ""/final-products/go44/go44-06.webp"", ""/final-products/go44/go44-07.webp"", ""/final-products/go44/go44-08.webp""]","[""XS"", ""S"", ""M"", ""L"", ""XL"", ""Custom""]","[""Void Black"", ""Ivory"", ""Natural"", ""Mixed""]",False,True,False,,,shiv-shakti-final-style-44,Final Products
Shakti Premium Layered Vest,"Shakti Premium Layered Vest from the Shiv Shakti final product edit. A premium boutique apparel style presented with clean studio imagery for wholesale buyers, balancing ritual-inspired detailing, easy resort styling, and statement layering. Includes 4 product views for front, side, back, and detail review before enquiry confirmation.",1499,0,120,shakti,SS-FINAL-045,"[""/final-products/go45/go45-01.webp"", ""/final-products/go45/go45-02.webp"", ""/final-products/go45/go45-03.webp"", ""/final-products/go45/go45-04.webp""]","[""XS"", ""S"", ""M"", ""L"", ""XL"", ""Custom""]","[""Void Black"", ""Ivory"", ""Natural"", ""Mixed""]",False,True,False,,,shiv-shakti-final-style-45,Final Products
Obsidian Fringe Statement Dress,"Obsidian Fringe Statement Dress from the Shiv Shakti final product edit. A premium boutique apparel style presented with clean studio imagery for wholesale buyers, balancing ritual-inspired detailing, easy resort styling, and statement layering. Includes 7 product views for front, side, back, and detail review before enquiry confirmation.",2199,0,120,shakti,SS-FINAL-046,"[""/final-products/go46/go46-01.webp"", ""/final-products/go46/go46-02.webp"", ""/final-products/go46/go46-03.webp"", ""/final-products/go46/go46-04.webp"", ""/final-products/go46/go46-05.webp"", ""/final-products/go46/go46-06.webp"", ""/final-products/go46/go46-07.webp""]","[""XS"", ""S"", ""M"", ""L"", ""XL"", ""Custom""]","[""Void Black"", ""Ivory"", ""Natural"", ""Mixed""]",False,True,False,,,shiv-shakti-final-style-46,Final Products
Ivory Ritual Studio Piece,"Ivory Ritual Studio Piece from the Shiv Shakti final product edit. A premium boutique apparel style presented with clean studio imagery for wholesale buyers, balancing ritual-inspired detailing, easy resort styling, and statement layering. Includes 4 product views for front, side, back, and detail review before enquiry confirmation.",1799,0,120,shakti,SS-FINAL-047,"[""/final-products/go47/go47-01.webp"", ""/final-products/go47/go47-02.webp"", ""/final-products/go47/go47-03.webp"", ""/final-products/go47/go47-04.webp""]","[""XS"", ""S"", ""M"", ""L"", ""XL"", ""Custom""]","[""Void Black"", ""Ivory"", ""Natural"", ""Mixed""]",False,True,False,,,shiv-shakti-final-style-47,Final Products
